Year,Gender,Class,Event,Rank,Athlete,School,Mark
2013,Girls,Class 4,100 Meter Dash,1,Kimone Shaw,St. Jago High,11.75
2013,Girls,Class 4,100 Meter Dash,2,Shaneil English,Hydel Group of Schools,12.09
2013,Girls,Class 4,100 Meter Dash,3,Sashell Frater,St. Jago High,12.46
2013,Girls,Class 4,100 Meter Dash,4,Shavell Riley,Edwin Allen High,12.53
2013,Girls,Class 4,100 Meter Dash,5,Jada Martin,Hydel Group of Schools,12.54
2013,Girls,Class 4,100 Meter Dash,6,Shontell Forbes,Camperdown High,12.59
2013,Girls,Class 4,100 Meter Dash,7,Derrangello Ellis,Wolmer's,12.68
2013,Girls,Class 4,100 Meter Dash,8,Katherine Barnes,St. Elizabeth Technical High,12.77
2013,Girls,Class 3,100 Meter Dash,1,Shellece Clark,Edwin Allen High,11.92
2013,Girls,Class 3,100 Meter Dash,1,Rushelle Burton,St. Andrew High for Girls,11.92
2013,Girls,Class 3,100 Meter Dash,3,Yanique Dayle,Hydel Group of Schools,11.96
2013,Girls,Class 3,100 Meter Dash,4,Aaliyah Hopkins,Edwin Allen High,12.25
2013,Girls,Class 3,100 Meter Dash,5,Safiya Thompson,St. Jago High,12.32
2013,Girls,Class 3,100 Meter Dash,6,Isheena Belnavis,Hydel Group of Schools,12.33
2013,Girls,Class 3,100 Meter Dash,7,Pamela Arnold,St. Elizabeth Technical High,12.39
2013,Girls,Class 3,100 Meter Dash,8,Renee Brown,Wolmer's,12.46
2013,Girls,Class 2,100 Meter Dash,1,Jonielle Smith,Wolmer's,11.58
2013,Girls,Class 2,100 Meter Dash,2,Shauna Helps,Wolmer's,11.66
2013,Girls,Class 2,100 Meter Dash,3,Dianna Johnson,Holmwood Technical High,11.71
2013,Girls,Class 2,100 Meter Dash,4,Yanique Thompson,Holmwood Technical High,11.77
2013,Girls,Class 2,100 Meter Dash,5,Natallia Whyte,St. Jago High,11.81
2013,Girls,Class 2,100 Meter Dash,6,Rene Medley,Vere Technical High,11.92
2013,Girls,Class 2,100 Meter Dash,7,Shanice Lewis,Edwin Allen High,12.32
2013,Girls,Class 2,100 Meter Dash,8,Christine Moss,St. Elizabeth Technical High,12.36
2013,Girls,Class 1,100 Meter Dash,1,Monique Spencer,Edwin Allen High,11.59
2013,Girls,Class 1,100 Meter Dash,2,Kedisha Dallas,Holmwood Technical High,11.67
2013,Girls,Class 1,100 Meter Dash,3,Jodean Williams,St. Mary High,11.70
2013,Girls,Class 1,100 Meter Dash,4,Chanice Bonner,Holmwood Technical High,11.74
2013,Girls,Class 1,100 Meter Dash,5,Oshin Brooks-Gillings,St. Jago High,11.87
2013,Girls,Class 1,100 Meter Dash,6,Annastasia Scott,St. Andrew High for Girls,11.99
2013,Girls,Class 1,100 Meter Dash,7,Janelle Kelly,Dinthill Technical High,12.03
2013,Girls,Class 1,100 Meter Dash,8,Chantal Pennie,Vere Technical High,12.05
2013,Girls,Class 4,200 Meter Dash,1,Kimone Shaw,St. Jago High,24.28
2013,Girls,Class 4,200 Meter Dash,2,Shaneil English,Hydel Group of Schools,24.65
2013,Girls,Class 4,200 Meter Dash,3,Sashell Frater,St. Jago High,25.02
2013,Girls,Class 4,200 Meter Dash,4,Jada Martin,Hydel Group of Schools,25.60
2013,Girls,Class 4,200 Meter Dash,5,Shavell Riley,Edwin Allen High,25.67
2013,Girls,Class 4,200 Meter Dash,6,Nadesha Wallace,Holmwood Technical High,25.70
2013,Girls,Class 4,200 Meter Dash,7,T Anna Dawkins,Vere Technical High,25.98
2013,Girls,Class 4,200 Meter Dash,8,Katherine Barnes,St. Elizabeth Technical High,26.30
2013,Girls,Class 3,200 Meter Dash,1,Taqece Duggan,Hydel Group of Schools,23.77
2013,Girls,Class 3,200 Meter Dash,2,Yanique Dayle,Hydel Group of Schools,24.03
2013,Girls,Class 3,200 Meter Dash,3,Shellece Clark,Edwin Allen High,24.25
2013,Girls,Class 3,200 Meter Dash,4,Jody-Ann Willingston,Wolmer's,24.37
2013,Girls,Class 3,200 Meter Dash,5,Rushelle Burton,St. Andrew High for Girls,24.55
2013,Girls,Class 3,200 Meter Dash,6,Patrice Moody,Edwin Allen High,24.73
2013,Girls,Class 3,200 Meter Dash,7,Kishauna Smith,Herbert Morrison,25.07
2013,Girls,Class 3,200 Meter Dash,8,Safiya Thompson,St. Jago High,25.10
2013,Girls,Class 2,200 Meter Dash,1,Jonielle Smith,Wolmer's,23.87
2013,Girls,Class 2,200 Meter Dash,2,Natallia Whyte,St. Jago High,23.97
2013,Girls,Class 2,200 Meter Dash,3,Dianna Johnson,Holmwood Technical High,24.03
2013,Girls,Class 2,200 Meter Dash,4,Rene Medley,Vere Technical High,24.21
2013,Girls,Class 2,200 Meter Dash,5,Renee Smith,Alpha Academy,24.54
2013,Girls,Class 2,200 Meter Dash,6,Donna-Lee Loney,Balaclava High,24.54
2013,Girls,Class 2,200 Meter Dash,7,Shanice Reid,St. Jago High,24.66
2013,Girls,Class 2,200 Meter Dash,8,Christine Moss,St. Elizabeth Technical High,24.79
2013,Girls,Class 1,200 Meter Dash,1,Shericka Jackson,Vere Technical High,22.98
2013,Girls,Class 1,200 Meter Dash,2,Monique Spencer,Edwin Allen High,23.44
2013,Girls,Class 1,200 Meter Dash,3,Kedisha Dallas,Holmwood Technical High,23.61
2013,Girls,Class 1,200 Meter Dash,4,Jodean Williams,St. Mary High,23.66
2013,Girls,Class 1,200 Meter Dash,5,Chanice Bonner,Holmwood Technical High,23.88
2013,Girls,Class 1,200 Meter Dash,6,Oshin Brooks-Gillings,St. Jago High,23.93
2013,Girls,Class 1,200 Meter Dash,7,Asaine Hall,Petersfield High,24.10
2013,Girls,Class 1,200 Meter Dash,8,Annastasia Scott,St. Andrew High for Girls,24.28
2013,Girls,Class 3,400 Meter Dash,1,Okalia Buchanan,Wolmer's,54.42
2013,Girls,Class 3,400 Meter Dash,2,Taqece Duggan,Hydel Group of Schools,54.53
2013,Girls,Class 3,400 Meter Dash,3,Allesha Kelly,Guys Hill High,55.00
2013,Girls,Class 3,400 Meter Dash,4,Junelle Bromfield,St. Elizabeth Technical High,55.11
2013,Girls,Class 3,400 Meter Dash,5,Shannon Kalawan,Edwin Allen High,55.82
2013,Girls,Class 3,400 Meter Dash,6,Moisha Barnes,Edwin Allen High,56.59
2013,Girls,Class 3,400 Meter Dash,7,Satanya Wright,St. Elizabeth Technical High,57.67
2013,Girls,Class 2,400 Meter Dash,1,Yanique McNeil,Vere Technical High,53.40
2013,Girls,Class 2,400 Meter Dash,2,Tiffany James,Papine High,54.29
2013,Girls,Class 2,400 Meter Dash,3,Donna-Lee Loney,Balaclava High,54.45
2013,Girls,Class 2,400 Meter Dash,4,Cameka Witter,St. Andrew Technical High,54.56
2013,Girls,Class 2,400 Meter Dash,5,Genekee Leith,St. Jago High,55.75
2013,Girls,Class 2,400 Meter Dash,6,Davia Smith,Edwin Allen High,55.92
2013,Girls,Class 2,400 Meter Dash,7,Shenice Cohen,Holmwood Technical High,56.08
2013,Girls,Class 2,400 Meter Dash,8,Yeashchea Williams,Dinthill Technical High,59.52
2013,Girls,Class 1,400 Meter Dash,1,Shericka Jackson,Vere Technical High,51.60
2013,Girls,Class 1,400 Meter Dash,2,Chris-Ann Gordon,Holmwood Technical High,52.16
2013,Girls,Class 1,400 Meter Dash,3,Olivia James,Vere Technical High,52.92
2013,Girls,Class 1,400 Meter Dash,4,Asaine Hall,Petersfield High,53.99
2013,Girls,Class 1,400 Meter Dash,5,Shadae Hylton,Holmwood Technical High,54.01
2013,Girls,Class 1,400 Meter Dash,6,Camira Haughton,Edwin Allen High,54.16
2013,Girls,Class 1,400 Meter Dash,7,Titania Markland,St. Mary High,54.69
2013,Girls,Class 1,400 Meter Dash,8,Annastacia Scott,St. Andrew High for Girls,54.92
2013,Girls,Class 3,800 Meter Run,1,Junelle Bromfield,St. Elizabeth Technical High,2:13.65
2013,Girls,Class 3,800 Meter Run,2,Asshanni Robb,Edwin Allen High,2:14.03
2013,Girls,Class 3,800 Meter Run,3,Britnie Dixon,Vere Technical High,2:14.88
2013,Girls,Class 3,800 Meter Run,4,Shannon Kalawan,Edwin Allen High,2:18.36
2013,Girls,Class 3,800 Meter Run,5,Chrissani May,Holmwood Technical High,2:19.28
2013,Girls,Class 3,800 Meter Run,6,Allesha Kelly,Guys Hill High,2:19.79
2013,Girls,Class 3,800 Meter Run,7,Latrice McGann,Mavis Bank High,2:31.60
2013,Girls,Class 3,800 Meter Run,8,Manique Campbell,Vere Technical High,2:33.30
2013,Girls,Class 2,800 Meter Run,1,Chantai Smith,St. Elizabeth Technical High,2:12.60
2013,Girls,Class 2,800 Meter Run,2,Cameka Witter,St. Andrew Technical High,2:13.86
2013,Girls,Class 2,800 Meter Run,3,Sashekia Heath,Holmwood Technical High,2:14.24
2013,Girls,Class 2,800 Meter Run,4,Lisa Buchanan,Holmwood Technical High,2:15.48
2013,Girls,Class 2,800 Meter Run,5,Genekee Leith,St. Jago High,2:16.41
2013,Girls,Class 2,800 Meter Run,6,Sasha-Gay Whyte,Vere Technical High,2:16.98
2013,Girls,Class 2,800 Meter Run,7,Roshae Burrell,St. Jago High,2:19.44
2013,Girls,Class 2,800 Meter Run,8,Aleitha Mclaughlin,St. Elizabeth Technical High,2:31.07
2013,Girls,Class 1,800 Meter Run,1,Chris-Ann Gordon,Holmwood Technical High,2:09.56
2013,Girls,Class 1,800 Meter Run,2,Titania Markland,St. Mary High,2:10.56
2013,Girls,Class 1,800 Meter Run,3,Monique Mcpherson,St. Jago High,2:11.26
2013,Girls,Class 1,800 Meter Run,4,Taska Johnson,Vere Technical High,2:11.82
2013,Girls,Class 1,800 Meter Run,5,Fellan Ferguson,St. Hugh's High,2:13.54
2013,Girls,Class 1,800 Meter Run,6,Candice Higgins,Excelsior High,2:14.94
2013,Girls,Class 1,800 Meter Run,7,Taffoya Shirley,Holmwood Technical High,2:16.94
2013,Girls,Class 3,1500 Meter Run,1,Britnie Dixon,Vere Technical High,4:43.22
2013,Girls,Class 3,1500 Meter Run,2,Asshanni Robb,Edwin Allen High,4:44.62
2013,Girls,Class 3,1500 Meter Run,3,Chrissani May,Holmwood Technical High,4:52.84
2013,Girls,Class 3,1500 Meter Run,4,Monifa Green,Hydel Group of Schools,4:53.85
2013,Girls,Class 3,1500 Meter Run,5,Manique Campbell,Vere Technical High,4:55.84
2013,Girls,Class 3,1500 Meter Run,6,Kara Grant,Spaldings High,4:59.57
2013,Girls,Class 3,1500 Meter Run,7,Aaliyah Gordon,Holmwood Technical High,5:05.86
2013,Girls,Class 3,1500 Meter Run,8,Shanae Fisher,Dinthill Technical High,5:06.14
2013,Girls,Class 3,1500 Meter Run,9,Ann-Marie Jones,Spaldings High,5:06.56
2013,Girls,Class 3,1500 Meter Run,10,Latrice McGann,Mavis Bank High,5:20.55
2013,Girls,Class 3,1500 Meter Run,11,Kerry-Ann Scott,St. Elizabeth Technical High,5:22.02
2013,Girls,Class 3,1500 Meter Run,12,Ackelia Hamilton,Old Harbour High,5:33.20
2013,Girls,Class 2,1500 Meter Run,1,Shanieke Watson,Holmwood Technical High,4:43.92
2013,Girls,Class 2,1500 Meter Run,2,Lisa Buchanan,Holmwood Technical High,4:43.93
2013,Girls,Class 2,1500 Meter Run,3,Sasha-Gay Whyte,Vere Technical High,4:44.90
2013,Girls,Class 2,1500 Meter Run,4,Chantai Smith,St. Elizabeth Technical High,4:47.08
2013,Girls,Class 2,1500 Meter Run,5,Mayeshie Mead,Bellefield High,4:53.43
2013,Girls,Class 2,1500 Meter Run,6,Derica Pitters,Edwin Allen High,4:53.76
2013,Girls,Class 2,1500 Meter Run,7,Roshae Burrell,St. Jago High,5:03.40
2013,Girls,Class 2,1500 Meter Run,8,Aleitha Mclaughlin,St. Elizabeth Technical High,5:05.32
2013,Girls,Class 2,1500 Meter Run,9,Jolie Girard,Cross Keys High,5:09.20
2013,Girls,Class 2,1500 Meter Run,10,Shamona Hunt,Glengoffe High,5:10.95
2013,Girls,Class 2,1500 Meter Run,11,Nickesha Reid,Edwin Allen High,5:13.09
2013,Girls,Class 1,1500 Meter Run,1,Marleena Eubanks,Edwin Allen High,4:35.10
2013,Girls,Class 1,1500 Meter Run,2,Monique Mcpherson,St. Jago High,4:39.19
2013,Girls,Class 1,1500 Meter Run,3,Taska Johnson,Vere Technical High,4:39.85
2013,Girls,Class 1,1500 Meter Run,4,Trishauna Reid,Holmwood Technical High,4:45.52
2013,Girls,Class 1,1500 Meter Run,5,Sherene Whyte,Holmwood Technical High,4:46.23
2013,Girls,Class 1,1500 Meter Run,6,Candice Higgins,Excelsior High,4:51.47
2013,Girls,Class 1,1500 Meter Run,7,Stephanie Barrett,Rusea's High,4:53.22
2013,Girls,Class 1,1500 Meter Run,8,Ophia Simmonds,St. Jago High,5:00.72
2013,Girls,Class 1,1500 Meter Run,9,Ackeliah Robertson,St. Elizabeth Technical High,5:03.76
2013,Girls,Class 1,1500 Meter Run,10,Sanikee Gardner,Edwin Allen High,5:06.25
2013,Girls,Class 1,1500 Meter Run,11,Abigail Julye,Alpha Academy,5:11.26
2013,Girls,Class 1,1500 Meter Run,12,Shauna Brown,Glengoffe High,5:32.20
2013,Girls,Class 1,1500 Meter Run,13,Antonnette Allen,Vere Technical High,5:50.70
2013,Girls,Open,3000 Meter Run,1,Stephanie Barrett,Rusea's High,10:24.35
2013,Girls,Open,3000 Meter Run,2,Shanieke Watson,Holmwood Technical High,10:25.65
2013,Girls,Open,3000 Meter Run,3,Derica Pitters,Edwin Allen High,10:28.18
2013,Girls,Open,3000 Meter Run,4,Mayeshie Mead,Bellefield High,10:34.92
2013,Girls,Open,3000 Meter Run,5,Sherene Whyte,Holmwood Technical High,10:41.03
2013,Girls,Open,3000 Meter Run,6,Monifa Green,Hydel Group of Schools,10:42.24
2013,Girls,Open,3000 Meter Run,7,Taska Johnson,Vere Technical High,10:43.02
2013,Girls,Open,3000 Meter Run,8,Aniesha Black,Glengoffe High,10:47.81
2013,Girls,Open,3000 Meter Run,9,Monique Mcpherson,St. Jago High,10:55.38
2013,Girls,Open,3000 Meter Run,10,Renee Gamon,B. B. Coke High,11:18.64
2013,Girls,Open,3000 Meter Run,11,Kacy-Ann Harris,Spaldings High,12:06.82
2013,Girls,Class 4,70 Meter Hurdles,1,Shanette Allison,Holmwood Technical High,10.72
2013,Girls,Class 4,70 Meter Hurdles,2,Joda Campbell,Hydel Group of Schools,10.84
2013,Girls,Class 4,70 Meter Hurdles,3,Ebony Forbes,St. Andrew High for Girls,10.90
2013,Girls,Class 4,70 Meter Hurdles,4,Rackiel Gayle,Edwin Allen High,10.97
2013,Girls,Class 4,70 Meter Hurdles,5,Sanique Walker,Vere Technical High,11.26
2013,Girls,Class 4,70 Meter Hurdles,6,Willantha Pinnock,Edwin Allen High,11.35
2013,Girls,Class 4,70 Meter Hurdles,7,Carla Lawson,Hydel Group of Schools,11.65
2013,Girls,Class 4,70 Meter Hurdles,8,Jamara Watson,Alpha Academy,11.73
2013,Girls,Class 3,80 Meter Hurdles,1,Rushelle Burton,St. Andrew High for Girls,11.13
2013,Girls,Class 3,80 Meter Hurdles,2,Brittani Thompson,Hydel Group of Schools,11.32
2013,Girls,Class 3,80 Meter Hurdles,3,Nicolee Foster,Holmwood Technical High,11.68
2013,Girls,Class 3,80 Meter Hurdles,4,Chris-Ann Bryan,Wolmer's,11.73
2013,Girls,Class 3,80 Meter Hurdles,5,Gabrielle McDonald,St. Andrew High for Girls,11.86
2013,Girls,Class 3,80 Meter Hurdles,6,Colestia Baker,Holmwood Technical High,11.88
2013,Girls,Class 3,80 Meter Hurdles,7,Moesha Gilmore,Hydel Group of Schools,12.06
2013,Girls,Class 2,100 Meter Hurdles,1,Yanique Thompson,Holmwood Technical High,13.44
2013,Girls,Class 2,100 Meter Hurdles,2,Davina Young,Wolmer's,13.95
2013,Girls,Class 2,100 Meter Hurdles,3,Andrenette Knight,Vere Technical High,14.03
2013,Girls,Class 2,100 Meter Hurdles,4,Shanice Lewis,Edwin Allen High,14.13
2013,Girls,Class 2,100 Meter Hurdles,5,Kerri-Ann Gocoul,Wolmer's,14.17
2013,Girls,Class 2,100 Meter Hurdles,6,Georgiana Gordon,St. Jago High,14.34
2013,Girls,Class 1,100 Meter Hurdles,1,Chrisdale Mccarthy,St. Jago High,13.75
2013,Girls,Class 1,100 Meter Hurdles,2,Tatiana Wolfe,St. Jago High,14.01
2013,Girls,Class 1,100 Meter Hurdles,3,Sashel Brown,Alpha Academy,14.08
2013,Girls,Class 1,100 Meter Hurdles,4,Osheen Erskine,Holmwood Technical High,14.16
2013,Girls,Class 1,100 Meter Hurdles,5,Claudette Allen,Edwin Allen High,14.18
2013,Girls,Class 1,100 Meter Hurdles,6,Cherifa Bartlett,St. Elizabeth Technical High,14.36
2013,Girls,Class 1,100 Meter Hurdles,7,Terrian Williams,Edwin Allen High,14.47
2013,Girls,Class 1,100 Meter Hurdles,8,Taherah Dickenson,Wolmer's,14.92
2013,Girls,Open,400 Meter Hurdles,1,Camira Haughton,Edwin Allen High,58.22
2013,Girls,Open,400 Meter Hurdles,2,Kimone Green,St. Elizabeth Technical High,59.18
2013,Girls,Open,400 Meter Hurdles,3,Shantae Green,Holmwood Technical High,1:00.13
2013,Girls,Open,400 Meter Hurdles,4,Britaney Duncan,Hydel Group of Schools,1:01.05
2013,Girls,Open,400 Meter Hurdles,5,Andrenette Knight,Vere Technical High,1:01.27
2013,Girls,Open,400 Meter Hurdles,6,Terrian Williams,Edwin Allen High,1:01.34
2013,Girls,Open,400 Meter Hurdles,7,Sashel Brown,Alpha Academy,1:02.39
2013,Girls,Open,2000 Meter Steeplechase,1,Atara Segree,Edwin Allen High,7:10.22
2013,Girls,Open,2000 Meter Steeplechase,2,Trishauna Reid,Holmwood Technical High,7:12.29
2013,Girls,Open,2000 Meter Steeplechase,3,Derica Pitters,Edwin Allen High,7:22.87
2013,Girls,Open,2000 Meter Steeplechase,4,Sherene Whyte,Holmwood Technical High,7:26.58
2013,Girls,Open,2000 Meter Steeplechase,5,Ophia Simmonds,St. Jago High,7:55.92
2013,Girls,Open,2000 Meter Steeplechase,6,Antonette Gray,St. Jago High,8:03.54
2013,Girls,Class 4,4x100 Meter Relay,1,None None,Hydel Group of Schools,47.78
2013,Girls,Class 4,4x100 Meter Relay,2,None None,Edwin Allen High,48.81
2013,Girls,Class 4,4x100 Meter Relay,3,None None,Vere Technical High,48.90
2013,Girls,Class 4,4x100 Meter Relay,4,None None,Wolmer's,49.08
2013,Girls,Class 4,4x100 Meter Relay,5,None None,Camperdown High,49.20
2013,Girls,Class 4,4x100 Meter Relay,6,None None,Holy Childhood High,49.76
2013,Girls,Class 4,4x100 Meter Relay,7,None None,Holmwood Technical High,49.82
2013,Girls,Class 4,4x100 Meter Relay,8,None None,St. Jago High,51.02
2013,Girls,Class 3,4x100 Meter Relay,1,None None,Hydel Group of Schools,45.76
2013,Girls,Class 3,4x100 Meter Relay,2,None None,Edwin Allen High,45.91
2013,Girls,Class 3,4x100 Meter Relay,3,None None,Wolmer's,47.01
2013,Girls,Class 3,4x100 Meter Relay,4,None None,St. Andrew High for Girls,47.17
2013,Girls,Class 3,4x100 Meter Relay,5,None None,Manchester High,47.62
2013,Girls,Class 3,4x100 Meter Relay,6,None None,Green Island High,47.84
2013,Girls,Class 3,4x100 Meter Relay,7,None None,Holmwood Technical High,48.32
2013,Girls,Class 3,4x100 Meter Relay,8,None None,St. Jago High,48.75
2013,Girls,Class 2,4x100 Meter Relay,1,None None,Wolmer's,45.15
2013,Girls,Class 2,4x100 Meter Relay,2,None None,St. Jago High,45.56
2013,Girls,Class 2,4x100 Meter Relay,3,None None,Holmwood Technical High,45.57
2013,Girls,Class 2,4x100 Meter Relay,4,None None,Edwin Allen High,46.47
2013,Girls,Class 2,4x100 Meter Relay,5,None None,Hydel Group of Schools,46.88
2013,Girls,Class 2,4x100 Meter Relay,6,None None,Vere Technical High,47.24
2013,Girls,Class 2,4x100 Meter Relay,7,None None,Manchester High,47.41
2013,Girls,Class 2,4x100 Meter Relay,8,None None,Camperdown High,47.89
2013,Girls,Class 1,4x100 Meter Relay,1,None None,Holmwood Technical High,45.10
2013,Girls,Class 1,4x100 Meter Relay,2,None None,Vere Technical High,45.36
2013,Girls,Class 1,4x100 Meter Relay,3,None None,Edwin Allen High,45.36
2013,Girls,Class 1,4x100 Meter Relay,4,None None,St. Andrew High for Girls,6
2013,Girls,Class 1,4x100 Meter Relay,5,None None,The Queens School,46.34
2013,Girls,Class 1,4x100 Meter Relay,6,None None,St. Jago High,4
2013,Girls,Class 1,4x100 Meter Relay,7,None None,St. Elizabeth Technical High,3
2013,Girls,Class 1,4x100 Meter Relay,8,None None,Ardenne High,2
2013,Girls,Open,4x400 Meter Relay,1,None None,Vere Technical High,3:30.51
2013,Girls,Open,4x400 Meter Relay,2,None None,Holmwood Technical High,3:37.44
2013,Girls,Open,4x400 Meter Relay,3,None None,Edwin Allen High,3:38.13
2013,Girls,Open,4x400 Meter Relay,4,None None,St. Andrew High for Girls,3:42.52
2013,Girls,Open,4x400 Meter Relay,5,None None,St. Elizabeth Technical High,3:42.63
2013,Girls,Open,4x400 Meter Relay,6,None None,St. Mary High,3:47.16
2013,Girls,Open,4x400 Meter Relay,7,None None,Wolmer's,3:49.21
2013,Girls,Open,4x400 Meter Relay,8,None None,St. Jago High,3:49.41
2013,Girls,Open,1600 Sprint Medley,1,None None,Holmwood Technical High,4:03.72
2013,Girls,Open,1600 Sprint Medley,2,None None,Vere Technical High,4:04.12
2013,Girls,Open,1600 Sprint Medley,3,None None,Hydel Group of Schools,4:06.45
2013,Girls,Open,1600 Sprint Medley,4,None None,Edwin Allen High,4:07.19
2013,Girls,Open,1600 Sprint Medley,5,None None,St. Catherine High,4:12.14
2013,Girls,Open,1600 Sprint Medley,6,None None,St. Jago High,4:14.25
2013,Girls,Open,1600 Sprint Medley,7,None None,Oberlin High,4:16.40
2013,Girls,Open,1600 Sprint Medley,8,None None,Manchester High,4:36.72
2013,Girls,Class 4,High Jump,1,Annia Ashley,Edwin Allen High,1.61m
2013,Girls,Class 4,High Jump,2,Shannon Bailey,Wolmer's,1.58m
2013,Girls,Class 4,High Jump,2,Anthonette White,Holy Childhood High,1.58m
2013,Girls,Class 4,High Jump,4,Daszay Freeman,Manchester High,J1.58m
2013,Girls,Class 4,High Jump,5,Lamara Distin,Rusea's High,J1.58m
2013,Girls,Class 4,High Jump,6,Reshma Anderson,Holy Childhood High,1.50m
2013,Girls,Class 4,High Jump,7,Brittaney Orr,Buff Bay High,J1.50m
2013,Girls,Class 4,High Jump,7,Yushimma Burton,Hydel Group of Schools,J1.50m
2013,Girls,Class 4,High Jump,9,Shantagja Morris,Camperdown High,J1.50m
2013,Girls,Class 4,High Jump,10,Dana Thomas,St. Jago High,J1.50m
2013,Girls,Class 4,High Jump,11,Deveka Thompson,Edwin Allen High,1.45m
2013,Girls,Class 4,High Jump,11,Stancia Ward,Hydel Group of Schools,1.45m
2013,Girls,Class 4,High Jump,11,Eiandra Thomas,Vere Technical High,1.45m
2013,Girls,Class 4,High Jump,11,Danielle Griffiths,Alpha Academy,1.45m
2013,Girls,Class 4,High Jump,11,Sashell Frater,St. Jago High,1.45m
2013,Girls,Class 4,High Jump,16,Kristina Davis,St. Andrew High for Girls,1.40m
2013,Girls,Class 4,High Jump,16,Susan Francis,Holmwood Technical High,1.40m
2013,Girls,Class 4,High Jump,16,Ashley Lewis,St. Andrew High for Girls,1.40m
2013,Girls,Class 4,High Jump,19,Okera Hastings,Campion College,1.35m
2013,Girls,Class 4,High Jump,19,Brittania Brooks,Holmwood Technical High,1.35m
2013,Girls,Class 4,High Jump,19,Tatiana Harvey,Wolmer's,1.35m
2013,Girls,Class 4,High Jump,22,Octavia James,Camperdown High,1.30m
2013,Girls,Class 4,High Jump,22,Toni Pellington,Alpha Academy,1.30m
2013,Girls,Class 3,High Jump,1,Gabrielle Foster,Alpha Academy,1.68m
2013,Girls,Class 3,High Jump,2,Toni-Ann Farquharson,Wolmer's,1.65m
2013,Girls,Class 3,High Jump,3,Colestia Baker,Holmwood Technical High,J1.65m
2013,Girls,Class 3,High Jump,4,Tissanna Hickling,St. Jago High,J1.65m
2013,Girls,Class 3,High Jump,5,Rushellee Jones,Buff Bay High,1.60m
2013,Girls,Class 3,High Jump,6,Lorean Murray,St. Andrew High for Girls,J1.60m
2013,Girls,Class 3,High Jump,7,Athaliah Boyd,St. Jago High,J1.60m
2013,Girls,Class 3,High Jump,8,Shiann Salmon,Hydel Group of Schools,J1.60m
2013,Girls,Class 3,High Jump,9,Shania Ingram,Edwin Allen High,J1.60m
2013,Girls,Class 3,High Jump,10,Jolaine Spence,Wolmer's,1.55m
2013,Girls,Class 3,High Jump,10,Alyssa Boothe,Manchester High,1.55m
2013,Girls,Class 3,High Jump,12,Kelesia Simpson,Manchester High,J1.55m
2013,Girls,Class 3,High Jump,12,Kelcian Andrade,Vere Technical High,J1.55m
2013,Girls,Class 3,High Jump,14,Jamie-lee Brown,St. Andrew High for Girls,J1.55m
2013,Girls,Class 3,High Jump,15,Deliesha Dawkins,Vere Technical High,J1.55m
2013,Girls,Class 3,High Jump,16,Brianna Thomas,Holmwood Technical High,1.50m
2013,Girls,Class 3,High Jump,17,Subrena Hearne,Alpha Academy,1.45m
2013,Girls,Class 2,High Jump,1,Jehvannia Vidal-Whyte,Vere Technical High,1.82m
2013,Girls,Class 2,High Jump,2,Safia Morgan,Immaculate Conception High,1.79m
2013,Girls,Class 2,High Jump,3,Shanae McKenzie,Manchester High,1.70m
2013,Girls,Class 2,High Jump,4,Donique Bryan,Edwin Allen High,J1.70m
2013,Girls,Class 2,High Jump,5,Sashane Hanson,Herbert Morrison,J1.70m
2013,Girls,Class 2,High Jump,6,Annastacia Forrester,Manchester High,J1.70m
2013,Girls,Class 2,High Jump,7,Samara Spencer,Hydel Group of Schools,1.65m
2013,Girls,Class 2,High Jump,8,Latavia Coombs,Holmwood Technical High,J1.65m
2013,Girls,Class 2,High Jump,9,Moseha Reid,St. Elizabeth Technical High,J1.65m
2013,Girls,Class 2,High Jump,10,Tamara Moncrieffe,Holmwood Technical High,J1.65m
2013,Girls,Class 2,High Jump,11,Antonia Mason,St. Andrew High for Girls,1.60
2013,Girls,Class 2,High Jump,11,Britney Kerr,Hydel Group of Schools,1.60m
2013,Girls,Class 2,High Jump,11,Donieke Daniel,Campion College,1.60m
2013,Girls,Class 2,High Jump,11,Hanifah Qadir,Excelsior High,1.60m
2013,Girls,Class 2,High Jump,15,Afiya Dacres,St. Andrew High for Girls,J1.60m
2013,Girls,Class 2,High Jump,16,Kedijah Oliphant,Oberlin High,J1.60m
2013,Girls,Class 2,High Jump,17,Onessa Patten,Edwin Allen High,J1.60m
2013,Girls,Class 2,High Jump,17,Rene Medley,Vere Technical High,J1.60m
2013,Girls,Class 2,High Jump,19,Rushaun Spencer,Wolmer's,J1.60m
2013,Girls,Class 2,High Jump,20,Jodi-Kaye Peterkin,Wolmer's,1.55m
2013,Girls,Class 2,High Jump,21,Ardeen Walker,St. Andrew Technical High,J1.55m
2013,Girls,Class 1,High Jump,1,Chennel Palmer,St. Andrew High for Girls,1.76m
2013,Girls,Class 1,High Jump,2,Krista-Gay Taylor,Alpha Academy,1.73m
2013,Girls,Class 1,High Jump,3,Tamoya Walters,St. Jago High,J1.73m
2013,Girls,Class 1,High Jump,4,Raia James,Morant Bay High,1.65m
2013,Girls,Class 1,High Jump,4,Chenika Jones,McGrath High,1.65m
2013,Girls,Class 1,High Jump,6,Tatiana Wolfe,St. Jago High,J1.65m
2013,Girls,Class 1,High Jump,7,Shanice Marshall,Holmwood Technical High,1.60m
2013,Girls,Class 1,High Jump,7,Rashema Briscoe,Edwin Allen High,1.60m
2013,Girls,Class 1,High Jump,9,Shenelle Mckay,Alpha Academy,J1.60m
2013,Girls,Class 1,High Jump,10,Xian-George Reid,Vere Technical High,1.55m
2013,Girls,Class 1,High Jump,10,Michellae Walker,St. Andrew High for Girls,1.55m
2013,Girls,Class 1,High Jump,10,Shanika Bryan,Edwin Allen High,1.55m
2013,Girls,Class 1,High Jump,13,Shanice Cannigan,Rusea's High,J1.55m
2013,Girls,Class 1,High Jump,13,Annjetta Hanson,Buff Bay High,J1.55m
2013,Girls,Class 1,High Jump,15,Tasanique Henry,Hampton School,1.50m
2013,Girls,Class 1,High Jump,16,Anna-Kay Vaughn,Holmwood Technical High,J1.50m
2013,Girls,Class 4,Long Jump,1,Kimone Shaw,St. Jago High,5.52m
2013,Girls,Class 4,Long Jump,2,Sanique Walker,Vere Technical High,5.23m
2013,Girls,Class 4,Long Jump,3,Anthonette White,Holy Childhood High,5.14m
2013,Girls,Class 4,Long Jump,4,Annia Ashley,Edwin Allen High,5.11m
2013,Girls,Class 4,Long Jump,5,Sanique Rose,Excelsior High,4.98m
2013,Girls,Class 4,Long Jump,6,Shaneil English,Hydel Group of Schools,4.96m
2013,Girls,Class 4,Long Jump,7,Brittania Brooks,Holmwood Technical High,4.93m
2013,Girls,Class 4,Long Jump,8,Akeliah Ellis,Petersfield High,4.92m
2013,Girls,Class 4,Long Jump,9,Susan Francis,Holmwood Technical High,4.84m
2013,Girls,Class 4,Long Jump,10,Shantana Pitterman,St. Jago High,4.75m
2013,Girls,Class 4,Long Jump,11,Okera Hastings,Campion College,4.72m
2013,Girls,Class 4,Long Jump,12,Janielle Josephs,St. Andrew High for Girls,4.71m
2013,Girls,Class 3,Long Jump,1,Colestia Baker,Holmwood Technical High,5.62m
2013,Girls,Class 3,Long Jump,2,Danielle Spence,Wolmer's,5.47m
2013,Girls,Class 3,Long Jump,3,Tissanna Hickling,St. Jago High,5.45m
2013,Girls,Class 3,Long Jump,4,Keneva Headley,Holmwood Technical High,5.27m
2013,Girls,Class 3,Long Jump,5,Ayeshia Morgan,Hydel Group of Schools,5.25m
2013,Girls,Class 3,Long Jump,6,Trishana Hemmings,Glengoffe High,5.20m
2013,Girls,Class 3,Long Jump,7,Lorean Murray,St. Andrew High for Girls,5.07m
2013,Girls,Class 3,Long Jump,8,Jody-Ann Phillips,Vere Technical High,5.02m
2013,Girls,Class 3,Long Jump,9,Peter-Gay McKenzie,Edwin Allen High,4.80m
2013,Girls,Class 3,Long Jump,10,Abigail Swaby,Vere Technical High,4.74m
2013,Girls,Class 3,Long Jump,11,Athacia Parkes,St. Jago High,4.68m
2013,Girls,Class 3,Long Jump,12,Ave-Anna Venair,Excelsior High,3.82m
2013,Girls,Class 2,Long Jump,1,Annastacia Forrester,Manchester High,5.99m
2013,Girls,Class 2,Long Jump,2,Jehvannia Vidal-Whyte,Vere Technical High,5.88m
2013,Girls,Class 2,Long Jump,3,Donique Bryan,Edwin Allen High,5.82m
2013,Girls,Class 2,Long Jump,4,Shanice Lewis,Edwin Allen High,5.77m
2013,Girls,Class 2,Long Jump,5,Samara Spencer,Hydel Group of Schools,5.73m
2013,Girls,Class 2,Long Jump,6,Shardia Lawrence,Vere Technical High,5.72m
2013,Girls,Class 2,Long Jump,7,Tamara Moncrieffe,Holmwood Technical High,5.69m
2013,Girls,Class 2,Long Jump,8,Andrene Rose,Wolmer's,5.55m
2013,Girls,Class 2,Long Jump,9,Abbeygail Linton,Manning's High,5.54m
2013,Girls,Class 2,Long Jump,9,Jessica Nobel,The Queens School,5.54m
2013,Girls,Class 2,Long Jump,11,Shanique Wright,Manchester High,5.48m
2013,Girls,Class 2,Long Jump,12,Tishanna Montieth,St. Jago High,5.46m
2013,Girls,Class 2,Long Jump,13,Safia Morgan,Immaculate Conception High,5.39m
2013,Girls,Class 2,Long Jump,13,Tashay Hunter,Donald Quarrie High,5.39m
2013,Girls,Class 2,Long Jump,15,Amanda Carty,Hydel Group of Schools,5.22m
2013,Girls,Class 2,Long Jump,16,Shauna Helps,Wolmer's,5.21m
2013,Girls,Class 2,Long Jump,17,Quasiann Green,Buff Bay High,5.17m
2013,Girls,Class 2,Long Jump,18,Cheryl-Ann McCarthy,Camperdown High,5.08m
2013,Girls,Class 1,Long Jump,1,Opal James,St. Elizabeth Technical High,5.84m
2013,Girls,Class 1,Long Jump,2,Diana Caudwell,St. Jago High,5.78m
2013,Girls,Class 1,Long Jump,3,Runique Gray,St. Jago High,5.58m
2013,Girls,Class 1,Long Jump,4,Trudy McCalla,Oberlin High,5.52m
2013,Girls,Class 1,Long Jump,5,Khadija Campbell,Immaculate Conception High,5.51m
2013,Girls,Class 1,Long Jump,6,Rashema Briscoe,Edwin Allen High,5.43m
2013,Girls,Class 1,Long Jump,7,Tina Coombs,Holmwood Technical High,5.40m
2013,Girls,Class 1,Long Jump,8,Chantal Pennie,Vere Technical High,5.31m
2013,Girls,Class 1,Long Jump,9,Claudette Allen,Edwin Allen High,5.25m
2013,Girls,Class 1,Long Jump,10,Christal Morgan,Holmwood Technical High,5.15m
2013,Girls,Class 1,Long Jump,11,Shanice Fletcher,St. Andrew High for Girls,5.13m
2013,Girls,Class 1,Long Jump,12,Recalia Maitland,Manchester High,5.11m
2013,Girls,Open,Triple Jump,1,Shardia Lawrence,Vere Technical High,12.87m
2013,Girls,Open,Triple Jump,2,Tamara Moncrieffe,Holmwood Technical High,12.50m
2013,Girls,Open,Triple Jump,3,Latavia Coombs,Holmwood Technical High,12.41m
2013,Girls,Open,Triple Jump,4,Shamoya Mcneil,St. Jago High,12.33m
2013,Girls,Open,Triple Jump,5,Sabina Allen,St. Jago High,12.22m
2013,Girls,Open,Triple Jump,6,Jehvannia Vidal-Whyte,Vere Technical High,12.07m
2013,Girls,Open,Triple Jump,7,Britney Kerr,Hydel Group of Schools,11.91m
2013,Girls,Open,Triple Jump,8,Annastacia Forrester,Manchester High,11.72m
2013,Girls,Open,Triple Jump,9,Abbeygail Linton,Manning's High,11.49m
2013,Girls,Open,Triple Jump,10,Shanique Wright,Manchester High,11.46m
2013,Girls,Open,Triple Jump,11,Donique Bryan,Edwin Allen High,11.35m
2013,Girls,Open,Triple Jump,12,Shenelle Mckay,Alpha Academy,-1.0
2013,Girls,Open,Triple Jump,13,Opal James,St. Elizabeth Technical High,11.27m
2013,Girls,Open,Triple Jump,14,Safia Morgan,Immaculate Conception High,11.14m
2013,Girls,Class 2,Shot Put,1,Rochelle Frazer,Edwin Allen High,15.93m
2013,Girls,Class 2,Shot Put,2,Isheka Binns,Manchester High,15.11m
2013,Girls,Class 2,Shot Put,3,Janell Fullerton,Edwin Allen High,14.67m
2013,Girls,Class 2,Shot Put,4,Ayesha Champagnie,St. Andrew Technical High,14.13m
2013,Girls,Class 2,Shot Put,5,Kiona Bradshaw,Vere Technical High,14.02m
2013,Girls,Class 2,Shot Put,6,Tia-Gay Johnson,Spaldings High,13.72m
2013,Girls,Class 2,Shot Put,7,Taneika Elliston,Holmwood Technical High,12.97m
2013,Girls,Class 2,Shot Put,8,Georgia Myrie,Mona High,12.69m
2013,Girls,Class 2,Shot Put,9,Kristen Deacon,Wolmer's,12.38m
2013,Girls,Class 2,Shot Put,10,Venique Harris,St. Andrew High for Girls,12.37m
2013,Girls,Class 2,Shot Put,11,Kimoya Draggon,St. Hugh's High,12.30m
2013,Girls,Class 2,Shot Put,12,Chavanese Burke,Yallahs High,11.63m
2013,Girls,Class 1,Shot Put,1,Gleneve Grange,Holmwood Technical High,13.00m
2013,Girls,Class 1,Shot Put,2,Tara-Sue Barnett,Edwin Allen High,12.41m
2013,Girls,Class 1,Shot Put,3,Rashell Reid,Manning's High,12.26m
2013,Girls,Class 1,Shot Put,4,Shanakay Rowe,Holmwood Technical High,11.85m
2013,Girls,Class 1,Shot Put,5,Kadeja Haye,St. Jago High,11.80m
2013,Girls,Class 1,Shot Put,6,Katherine Nevers,Spaldings High,11.30m
2013,Girls,Class 1,Shot Put,7,Sheena Powell,Manchester High,10.84m
2013,Girls,Class 1,Shot Put,8,Shanette Bailey,Buff Bay High,10.49m
2013,Girls,Class 1,Shot Put,9,Latoya Gilding,St. Jago High,10.27m
2013,Girls,Class 1,Shot Put,10,Toni-Ann Campbell,Excelsior High,9.88m
2013,Girls,Class 1,Shot Put,11,Shanika Walker,Frome Technical High,9.64m
2013,Girls,Class 1,Shot Put,12,Decoda Simpson,St. Andrew High for Girls,9.59m
2013,Girls,Class 3,Discus Throw,1,Devia Brown,Hydel Group of Schools,40.02m
2013,Girls,Class 3,Discus Throw,2,Fiona Richards,Buff Bay High,37.49m
2013,Girls,Class 3,Discus Throw,3,Avery Pryce,Vere Technical High,37.17m
2013,Girls,Class 3,Discus Throw,4,Raphana Brown,Buff Bay High,34.41m
2013,Girls,Class 3,Discus Throw,5,Novia Graham,Edwin Allen High,34.33m
2013,Girls,Class 3,Discus Throw,6,Joel Robinson,Hydel Group of Schools,34.01m
2013,Girls,Class 3,Discus Throw,7,Georgetta Samuels,Holmwood Technical High,32.67m
2013,Girls,Class 3,Discus Throw,8,Yanike Henry,St. Jago High,31.16m
2013,Girls,Class 3,Discus Throw,9,Jamila Brown,St. Catherine High,30.35m
2013,Girls,Class 3,Discus Throw,10,Coya Christie,Wolmer's,29.92m
2013,Girls,Class 3,Discus Throw,11,Johnique Johnson,St. Jago High,29.24m
2013,Girls,Class 3,Discus Throw,12,Garnesha Campbell,Holmwood Technical High,29.20m
2013,Girls,Class 3,Discus Throw,13,Tavia Ranger,Camperdown High,26.20m
2013,Girls,Class 2,Discus Throw,1,Rochelle Frazer,Edwin Allen High,46.31m
2013,Girls,Class 2,Discus Throw,2,Paul-Ann Gayle,Edwin Allen High,44.02m
2013,Girls,Class 2,Discus Throw,3,Shadae Lawrence,Vere Technical High,41.45m
2013,Girls,Class 2,Discus Throw,4,Venique Harris,St. Andrew High for Girls,39.58m
2013,Girls,Class 2,Discus Throw,5,Isheka Binns,Manchester High,37.06m
2013,Girls,Class 2,Discus Throw,6,Kristen Deacon,Wolmer's,36.22m
2013,Girls,Class 2,Discus Throw,7,Kiona Bradshaw,Vere Technical High,36.03m
2013,Girls,Class 2,Discus Throw,8,Aliyah Francis,St. Hugh's High,35.74m
2013,Girls,Class 2,Discus Throw,9,Taneika Elliston,Holmwood Technical High,33.51m
2013,Girls,Class 2,Discus Throw,10,Kimoya Draggon,St. Hugh's High,33.02m
2013,Girls,Class 2,Discus Throw,11,Tracey-Ann Simms,Holy Childhood High,31.25m
2013,Girls,Class 2,Discus Throw,12,Junell Henry,Holmwood Technical High,29.09m
2013,Girls,Class 1,Discus Throw,1,Tara-Sue Barnett,Edwin Allen High,51.16m
2013,Girls,Class 1,Discus Throw,2,Gleneve Grange,Holmwood Technical High,49.05m
2013,Girls,Class 1,Discus Throw,3,Tasha Crosse,Edwin Allen High,43.83m
2013,Girls,Class 1,Discus Throw,4,Latoya Gilding,St. Jago High,40.76m
2013,Girls,Class 1,Discus Throw,5,Shannique Waite,St. Jago High,40.58m
2013,Girls,Class 1,Discus Throw,6,Samanthia Johnson,Immaculate Conception High,J40.58m
2013,Girls,Class 1,Discus Throw,7,Felecia Streete,Grange Hill High,38.98m
2013,Girls,Class 1,Discus Throw,8,Shereece Smith,Manchester High,38.86m
2013,Girls,Class 1,Discus Throw,9,Sheena Powell,Manchester High,38.19m
2013,Girls,Class 1,Discus Throw,10,Decoda Simpson,St. Andrew High for Girls,37.42m
2013,Girls,Class 1,Discus Throw,11,Omesha Locke,Manning's High,36.81m
2013,Girls,Class 1,Discus Throw,12,Jonelle Graham,Buff Bay High,29.16m
2013,Girls,Open,Javelin Throw,1,Olivia Leckford,Edwin Allen High,38.97m
2013,Girls,Open,Javelin Throw,2,Ayesha Champagnie,St. Andrew Technical High,37.83m
2013,Girls,Open,Javelin Throw,3,Rashema Briscoe,Edwin Allen High,36.93m
2013,Girls,Open,Javelin Throw,4,Natanya Mcneish,Holmwood Technical High,36.19m
2013,Girls,Open,Javelin Throw,5,Gleneve Grange,Holmwood Technical High,34.78m
2013,Girls,Open,Javelin Throw,6,Tamica Thomas,St. Andrew Technical High,33.66m
2013,Girls,Open,Javelin Throw,7,Nayoka Clunis,Excelsior High,32.66m
2013,Girls,Open,Javelin Throw,8,MACY McFarlane,Happy Grove High,30.66m
2013,Girls,Open,Javelin Throw,9,Shereece Smith,Manchester High,30.14m
2013,Girls,Open,Javelin Throw,10,Abigail Henry,William Knibb Memorial High,29.35m
2013,Girls,Open,Javelin Throw,11,Shatanna Gayle,Lennon High,28.44m
2013,Girls,Open,Javelin Throw,12,Chrisdale Mccarthy,St. Jago High,28.36m
2013,Girls,Open,Heptathlon,1,Gleneve Grange,Holmwood Technical High,4976
2013,Girls,Open,Heptathlon,2,Lexanna Morgan,St. Jago High,4675
2013,Girls,Open,Heptathlon,3,Ayesha Champagnie,St. Andrew Technical High,4645
2013,Girls,Open,Heptathlon,4,Rashema Briscoe,Edwin Allen High,4572
2013,Girls,Open,Heptathlon,5,Britney Kerr,Hydel Group of Schools,4447
2013,Girls,Open,Heptathlon,6,Trudy McCalla,Oberlin High,4374
2013,Girls,Open,Heptathlon,7,Shanice Cannigan,Rusea's High,3970
2013,Girls,Open,Heptathlon,8,Annjetta Hanson,Buff Bay High,3874
2013,Girls,Open,Heptathlon,9,Anna-Kay West,Manchester High,3803
2013,Girls,Open,Heptathlon,10,Nayoka Clunis,Excelsior High,3750
2013,Girls,Open,Heptathlon,11,Moseha Reid,St. Elizabeth Technical High,3520
2013,Girls,Open,Heptathlon,12,Lisa Blackwood,Vere Technical High,3134
2013,Girls,Open,Heptathlon,13,Jonian Ladrick,William Knibb Memorial High,2869
2013,Girls,Open,Heptathlon,14,MACY McFarlane,Happy Grove High,2709
2013,Girls,Open,Heptathlon,15,Cadine Earle,William Knibb Memorial High,1643
2013,Boys,Class 3,100 Meter Dash,1,Jhevaughn Matherson,Kingston College,10.86
2013,Boys,Class 3,100 Meter Dash,2,Tyreke Wilson,Calabar High School,11.01
2013,Boys,Class 3,100 Meter Dash,3,Yashawn Hamilton,Kingston College,11.36
2013,Boys,Class 3,100 Meter Dash,4,Tristan Minott,Jamaica College,11.38
2013,Boys,Class 3,100 Meter Dash,5,Jevon Shaw,Calabar High School,11.48
2013,Boys,Class 3,100 Meter Dash,6,Chislon Gordon,Jamaica College,11.55
2013,Boys,Class 3,100 Meter Dash,7,Jevony Murray,Herbert Morrison,11.59
2013,Boys,Class 2,100 Meter Dash,1,Michael O'Hara,Calabar High School,10.56
2013,Boys,Class 2,100 Meter Dash,2,Raheem Chambers,St. Jago High,10.71
2013,Boys,Class 2,100 Meter Dash,3,Waseem Williams,Jamaica College,10.82
2013,Boys,Class 2,100 Meter Dash,4,Karey Kelly,Wolmer's,10.88
2013,Boys,Class 2,100 Meter Dash,5,Keniel Patterson,Jamaica College,10.91
2013,Boys,Class 2,100 Meter Dash,6,Jordan Chin,St. Jago High,10.97
2013,Boys,Class 2,100 Meter Dash,7,Seanie Selvin,Calabar High School,10.99
2013,Boys,Class 2,100 Meter Dash,8,Rashaad Saunderson,Kingston College,11.10
2013,Boys,Class 1,100 Meter Dash,1,Delano Williams,Munro College,10.28
2013,Boys,Class 1,100 Meter Dash,2,Senoj-Jay Givans,Munro College,10.45
2013,Boys,Class 1,100 Meter Dash,3,Odail Todd,Green Island High,10.49
2013,Boys,Class 1,100 Meter Dash,4,Raheem Robinson,Wolmer's,10.50
2013,Boys,Class 1,100 Meter Dash,5,Jevaughn Minzie,Bog Walk High,10.55
2013,Boys,Class 1,100 Meter Dash,6,Tevin-Lloyd Thompson,Kingston College,10.69
2013,Boys,Class 1,100 Meter Dash,7,Edward Clarke,Jamaica College,10.75
2013,Boys,Class 1,100 Meter Dash,8,Chadwayne Vidal,Green Island High,10.75
2013,Boys,Class 3,200 Meter Dash,1,Jhevaughn Matherson,Kingston College,21.87
2013,Boys,Class 3,200 Meter Dash,2,Nathaniel Bann,Kingston College,22.30
2013,Boys,Class 3,200 Meter Dash,3,Anthony Carpenter,Calabar High School,22.69
2013,Boys,Class 3,200 Meter Dash,4,Rohan Moore,Calabar High School,22.76
2013,Boys,Class 3,200 Meter Dash,5,Tyreke Bryan,Greater Portmore,23.14
2013,Boys,Class 3,200 Meter Dash,6,Michael Bentley,Seaforth High,23.27
2013,Boys,Class 3,200 Meter Dash,7,Matthew Brown,Cornwall College,23.33
2013,Boys,Class 3,200 Meter Dash,8,Akeem Thomas,Wolmer's,23.50
2013,Boys,Class 2,200 Meter Dash,1,Michael O'Hara,Calabar High School,20.63
2013,Boys,Class 2,200 Meter Dash,2,Devaughn Baker,Jamaica College,21.05
2013,Boys,Class 2,200 Meter Dash,3,Raheem Chambers,St. Jago High,21.26
2013,Boys,Class 2,200 Meter Dash,4,Martin Manley,St. Jago High,21.41
2013,Boys,Class 2,200 Meter Dash,5,Karey Kelly,Wolmer's,21.56
2013,Boys,Class 2,200 Meter Dash,6,Keniel Patterson,Jamaica College,21.79
2013,Boys,Class 2,200 Meter Dash,7,Michael Campbell,May Day High,22.06
2013,Boys,Class 1,200 Meter Dash,1,Delano Williams,Munro College,20.27
2013,Boys,Class 1,200 Meter Dash,2,Odail Todd,Green Island High,20.78
2013,Boys,Class 1,200 Meter Dash,3,Javon Francis,Calabar High School,20.82
2013,Boys,Class 1,200 Meter Dash,4,Senoj-Jay Givans,Munro College,21.03
2013,Boys,Class 1,200 Meter Dash,5,Jevaughn Minzie,Bog Walk High,21.05
2013,Boys,Class 1,200 Meter Dash,6,Antonio Henry,Kingston College,21.27
2013,Boys,Class 1,200 Meter Dash,7,Oshane Burrell,Manchester High,21.51
2013,Boys,Class 1,200 Meter Dash,8,Ivan Henry,St. Jago High,21.69
2013,Boys,Class 3,400 Meter Dash,1,Nathaniel Bann,Kingston College,49.13
2013,Boys,Class 3,400 Meter Dash,2,Christopher Taylor,Calabar High School,50.68
2013,Boys,Class 3,400 Meter Dash,3,Anthony Carpenter,Calabar High School,51.02
2013,Boys,Class 3,400 Meter Dash,4,Sheldon Smith,Munro College,51.40
2013,Boys,Class 3,400 Meter Dash,5,Lenroy Williams,Hydel Group of Schools,52.02
2013,Boys,Class 3,400 Meter Dash,6,Akeem Thomas,Wolmer's,52.54
2013,Boys,Class 3,400 Meter Dash,7,Raheem McLauhlin,Kingston College,53.71
2013,Boys,Class 3,400 Meter Dash,8,Leonardo Ledgister,St. Elizabeth Technical High,53.84
2013,Boys,Class 2,400 Meter Dash,1,Devaughn Baker,Jamaica College,46.64
2013,Boys,Class 2,400 Meter Dash,2,Jaheel Hyde,Wolmer's,46.93
2013,Boys,Class 2,400 Meter Dash,3,Martin Manley,St. Jago High,46.95
2013,Boys,Class 2,400 Meter Dash,4,Terry Thomas,Greater Portmore,48.99
2013,Boys,Class 2,400 Meter Dash,5,Marco Doodnaughtsingh,Kemps Hill High,49.06
2013,Boys,Class 2,400 Meter Dash,6,Malcolm Campbell,Calabar High School,49.20
2013,Boys,Class 2,400 Meter Dash,7,Caniggia Harriott,Munro College,51.00
2013,Boys,Class 2,400 Meter Dash,8,Dontre'd Williams,Kingston College,58.03
2013,Boys,Class 1,400 Meter Dash,1,Javon Francis,Calabar High School,46.21
2013,Boys,Class 1,400 Meter Dash,2,Lennox Williams,Manchester High,46.79
2013,Boys,Class 1,400 Meter Dash,3,Ivan Henry,St. Jago High,47.69
2013,Boys,Class 1,400 Meter Dash,4,Omari McDonald,Hydel Group of Schools,48.26
2013,Boys,Class 1,400 Meter Dash,5,Angelo Garland,Munro College,48.35
2013,Boys,Class 1,400 Meter Dash,6,Oshane Burrell,Manchester High,48.37
2013,Boys,Class 1,400 Meter Dash,7,Karayme Bartley,Garvey Maceo High,48.95
2013,Boys,Class 1,400 Meter Dash,8,Tevin White,Jamaica College,49.35
2013,Boys,Class 3,800 Meter Run,1,Jauavney James,St. Elizabeth Technical High,2:01.14
2013,Boys,Class 3,800 Meter Run,2,Phillip Williams,Jamaica College,2:03.27
2013,Boys,Class 3,800 Meter Run,3,Damoy Boyd,Kingston College,2:03.33
2013,Boys,Class 3,800 Meter Run,4,Maleik Smith,Hydel Group of Schools,2:03.34
2013,Boys,Class 3,800 Meter Run,5,Kashiek Brown,Jamaica College,2:05.36
2013,Boys,Class 3,800 Meter Run,6,Shane Henry,Wolmer's,2:06.64
2013,Boys,Class 3,800 Meter Run,7,Andrew Ashby,Calabar High School,2:10.97
2013,Boys,Class 3,800 Meter Run,8,Dontae Wilson,Kingston College,2:17.70
2013,Boys,Class 2,800 Meter Run,1,Dirk Williamson,Jamaica College,1:58.64
2013,Boys,Class 2,800 Meter Run,2,Rayon Butler,Holmwood Technical High,1:58.72
2013,Boys,Class 2,800 Meter Run,3,Orville Dixon,Calabar High School,1:58.73
2013,Boys,Class 2,800 Meter Run,4,Daniel Wint,Manchester High,1:58.89
2013,Boys,Class 2,800 Meter Run,5,Ryan Dunkley,Petersfield High,1:59.18
2013,Boys,Class 2,800 Meter Run,6,Delano Rose,Dinthill Technical High,2:00.12
2013,Boys,Class 2,800 Meter Run,7,Chevene Hamilton,Calabar High School,2:00.96
2013,Boys,Class 2,800 Meter Run,8,Paul Tate,Lacovia High,2:02.19
2013,Boys,Class 1,800 Meter Run,1,Kevon Robinson,Spaldings High,1:52.21
2013,Boys,Class 1,800 Meter Run,2,Jorel Bellafonte,Calabar High School,1:52.91
2013,Boys,Class 1,800 Meter Run,3,Brian Smith,Kingston College,1:52.91
2013,Boys,Class 1,800 Meter Run,4,Herbert Thomas,Munro College,1:52.98
2013,Boys,Class 1,800 Meter Run,5,Rajay Hamilton,Lennon High,1:53.29
2013,Boys,Class 1,800 Meter Run,6,O'Shane Turner,Petersfield High,1:53.97
2013,Boys,Class 1,800 Meter Run,7,Alex Hutton,Calabar High School,1:57.42
2013,Boys,Class 1,800 Meter Run,8,Ricardo McKenzie,Cornwall College,1:59.94
2013,Boys,Class 1,800 Meter Run,9,Rayon Black,Excelsior High,2:03.32
2013,Boys,Class 3,1500 Meter Run,1,Jauavney James,St. Elizabeth Technical High,4:14.51
2013,Boys,Class 3,1500 Meter Run,2,Damoy Boyd,Kingston College,4:22.32
2013,Boys,Class 3,1500 Meter Run,3,Kashiek Brown,Jamaica College,4:23.35
2013,Boys,Class 3,1500 Meter Run,4,Shane Henry,Wolmer's,4:23.70
2013,Boys,Class 3,1500 Meter Run,5,Navasky Anderson,St. Jago High,4:30.74
2013,Boys,Class 3,1500 Meter Run,6,Eric Morgan,Bellefield High,4:32.97
2013,Boys,Class 3,1500 Meter Run,7,Duvaire Wauchope,Jamaica College,4:36.02
2013,Boys,Class 3,1500 Meter Run,8,Divonio Thompson,Green Island High,4:36.04
2013,Boys,Class 3,1500 Meter Run,9,Shemar Salmon,St. Elizabeth Technical High,4:36.09
2013,Boys,Class 3,1500 Meter Run,10,Javaughn Matthews,Winston Jones High,4:43.52
2013,Boys,Class 3,1500 Meter Run,11,Dwayne Robinson,Calabar High School,4:47.31
2013,Boys,Class 2,1500 Meter Run,1,Orville Dixon,Calabar High School,4:08.17
2013,Boys,Class 2,1500 Meter Run,2,Tion Gray,Petersfield High,4:08.33
2013,Boys,Class 2,1500 Meter Run,3,Webston Pennant,St. Jago High,4:08.54
2013,Boys,Class 2,1500 Meter Run,4,Rayon Butler,Holmwood Technical High,4:09.67
2013,Boys,Class 2,1500 Meter Run,5,Shevan Parks,Bellefield High,4:10.36
2013,Boys,Class 2,1500 Meter Run,6,Hakeem Weir,Campion College,4:13.53
2013,Boys,Class 2,1500 Meter Run,7,Daniel Wint,Manchester High,4:14.00
2013,Boys,Class 2,1500 Meter Run,8,Romar Mundle,Bellefield High,4:15.57
2013,Boys,Class 2,1500 Meter Run,9,Andre Bennett,Cornwall College,4:15.71
2013,Boys,Class 2,1500 Meter Run,10,Terrol Atkinson,Greater Portmore,4:15.78
2013,Boys,Class 2,1500 Meter Run,11,Eric McKenzie,St. Jago High,4:22.94
2013,Boys,Class 2,1500 Meter Run,12,Anthony Brown,Jamaica College,4:25.25
2013,Boys,Class 1,1500 Meter Run,1,Jorel Bellafonte,Calabar High School,3:58.78
2013,Boys,Class 1,1500 Meter Run,2,Delano Rochester,Clarendon College,3:58.94
2013,Boys,Class 1,1500 Meter Run,3,Marcel Williamson,Bellefield High,4:00.81
2013,Boys,Class 1,1500 Meter Run,4,Kadar Bryan,Jamaica College,4:02.90
2013,Boys,Class 1,1500 Meter Run,5,Alex Hutton,Calabar High School,4:04.22
2013,Boys,Class 1,1500 Meter Run,6,Kenne Clarke,Petersfield High,4:04.34
2013,Boys,Class 1,1500 Meter Run,7,Martin Kennedy,Bellefield High,4:07.02
2013,Boys,Class 1,1500 Meter Run,8,Ptolemy Hayden,Kingston College,4:07.25
2013,Boys,Class 1,1500 Meter Run,9,Dwayne Pinnock,Wolmer's,4:15.69
2013,Boys,Class 1,1500 Meter Run,10,Leon Cameron,Tacius Golding High,4:22.69
2013,Boys,Open,5000 Meter Run,1,Rodney Henry,Holmwood Technical High,15:46.86
2013,Boys,Open,5000 Meter Run,2,Obrian Frith,Holmwood Technical High,15:57.42
2013,Boys,Open,5000 Meter Run,3,Bryan Golding,Kingston College,15:58.88
2013,Boys,Open,5000 Meter Run,4,David Rojohn,St. Thomas Technical,16:00.59
2013,Boys,Open,5000 Meter Run,5,Kemar Dixon,Bellefield High,16:09.88
2013,Boys,Open,5000 Meter Run,6,Romario Foote,Kingston College,16:12.78
2013,Boys,Open,5000 Meter Run,7,Winston Freeman,Bellefield High,16:14.60
2013,Boys,Open,5000 Meter Run,8,Leon Cameron,Tacius Golding High,16:15.16
2013,Boys,Open,5000 Meter Run,9,Wayne Beckford,Kellits High,16:15.93
2013,Boys,Open,5000 Meter Run,10,Cavahn McKenzie,St. Jago High,16:19.81
2013,Boys,Open,5000 Meter Run,11,Kenardo Bernard,Tacky High,16:32.85
2013,Boys,Open,5000 Meter Run,12,Francois Bender,Lewisville High,16:47.15
2013,Boys,Open,5000 Meter Run,13,Devonte Clayton,Glengoffe High,16:59.37
2013,Boys,Open,5000 Meter Run,14,Clevon Brown,Maud McLeod High,17:04.74
2013,Boys,Class 3,100 Meter Hurdles,1,Kamali Simpson,St. Jago High,13.10
2013,Boys,Class 3,100 Meter Hurdles,2,Renaldo Banton,St. Elizabeth Technical High,13.34
2013,Boys,Class 3,100 Meter Hurdles,3,Alex Robinson,Calabar High School,13.35
2013,Boys,Class 3,100 Meter Hurdles,4,Jevon Shaw,Calabar High School,13.55
2013,Boys,Class 3,100 Meter Hurdles,5,Dameon Creary,Wolmer's,13.60
2013,Boys,Class 3,100 Meter Hurdles,6,Garth Williams,Jamaica College,14.24
2013,Boys,Class 3,100 Meter Hurdles,7,Rushane Garwood,St. Jago High,14.27
2013,Boys,Class 3,100 Meter Hurdles,8,Damani Ellis,Kingston College,14.60
2013,Boys,Class 2,110 Meter Hurdles,1,Michael O'Hara,Calabar High School,13.45
2013,Boys,Class 2,110 Meter Hurdles,2,Jaheel Hyde,Wolmer's,13.72
2013,Boys,Class 2,110 Meter Hurdles,3,Seanie Selvin,Calabar High School,13.93
2013,Boys,Class 2,110 Meter Hurdles,4,Roje Jackson-Chin,St. Jago High,14.06
2013,Boys,Class 2,110 Meter Hurdles,5,Rohan Cole,St. Elizabeth Technical High,14.31
2013,Boys,Class 2,110 Meter Hurdles,6,Khori Bennett,Wolmer's,14.38
2013,Boys,Class 2,110 Meter Hurdles,7,Shaquille Shaw,Kingston College,14.66
2013,Boys,Class 2,110 Meter Hurdles,8,Jordan Chin,St. Jago High,17.40
2013,Boys,Class 1,110 Meter Hurdles,1,Omar McLeod,Kingston College,13.24
2013,Boys,Class 1,110 Meter Hurdles,2,Tyler Mason,Jamaica College,13.51
2013,Boys,Class 1,110 Meter Hurdles,3,Yanick Hart,Wolmer's,13.52
2013,Boys,Class 1,110 Meter Hurdles,4,Chevon Richards,Jamaica College,14.11
2013,Boys,Class 1,110 Meter Hurdles,5,Abraham Robertson,Wolmer's,14.28
2013,Boys,Class 1,110 Meter Hurdles,6,Kemar Williams,Calabar High School,14.34
2013,Boys,Class 1,110 Meter Hurdles,7,Dadrian Hill,Calabar High School,14.37
2013,Boys,Class 1,110 Meter Hurdles,8,Twaine Gordon,St. Jago High,14.42
2013,Boys,Open,400 Meter Hurdles,1,Omar McLeod,Kingston College,49.98
2013,Boys,Open,400 Meter Hurdles,2,Kyle Robinson,Jamaica College,50.90
2013,Boys,Open,400 Meter Hurdles,3,Okeen Williams,St. Elizabeth Technical High,51.74
2013,Boys,Open,400 Meter Hurdles,4,Divontte' Dennis,Kingston College,52.29
2013,Boys,Open,400 Meter Hurdles,5,Jamar Mcnaughton,St. Elizabeth Technical High,53.60
2013,Boys,Open,400 Meter Hurdles,6,Kemar Williams,Calabar High School,53.90
2013,Boys,Open,400 Meter Hurdles,7,Jonah Morgan,Excelsior High,54.24
2013,Boys,Open,400 Meter Hurdles,8,Jarell Cherrington,Jamaica College,54.53
2013,Boys,Open,2000 Meter Steeplechase,1,Rodney Henry,Holmwood Technical High,6:07.46
2013,Boys,Open,2000 Meter Steeplechase,2,Bryan Golding,Kingston College,6:10.80
2013,Boys,Open,2000 Meter Steeplechase,3,Ptolemy Hayden,Kingston College,6:15.09
2013,Boys,Open,2000 Meter Steeplechase,4,Kadar Bryan,Jamaica College,6:20.67
2013,Boys,Open,2000 Meter Steeplechase,5,Kamoy Blake,Jamaica College,6:21.11
2013,Boys,Open,2000 Meter Steeplechase,6,Micheal Chambers,Holmwood Technical High,6:22.13
2013,Boys,Open,2000 Meter Steeplechase,7,Jahnoy Bond,Manchester High,6:22.28
2013,Boys,Open,2000 Meter Steeplechase,8,Ricardo Lawes,Edwin Allen High,6:22.43
2013,Boys,Open,2000 Meter Steeplechase,9,Winston Freeman,Bellefield High,6:22.75
2013,Boys,Open,2000 Meter Steeplechase,10,Cavahn McKenzie,St. Jago High,6:24.85
2013,Boys,Open,2000 Meter Steeplechase,11,Romario Guthrie,St. Elizabeth Technical High,6:25.03
2013,Boys,Open,2000 Meter Steeplechase,12,Kemar Dixon,Bellefield High,6:30.37
2013,Boys,Class 3,4x100 Meter Relay,1,None None,Kingston College,42.36
2013,Boys,Class 3,4x100 Meter Relay,2,None None,Calabar High School,43.05
2013,Boys,Class 3,4x100 Meter Relay,3,None None,St. Jago High,43.30
2013,Boys,Class 3,4x100 Meter Relay,4,None None,Jamaica College,43.71
2013,Boys,Class 3,4x100 Meter Relay,5,None None,Wolmer's,44.45
2013,Boys,Class 3,4x100 Meter Relay,6,None None,Munro College,44.81
2013,Boys,Class 3,4x100 Meter Relay,7,None None,William Knibb Memorial High,45.54
2013,Boys,Class 3,4x100 Meter Relay,8,None None,St. George's College,45.56
2013,Boys,Class 2,4x100 Meter Relay,1,None None,Jamaica College,40.54
2013,Boys,Class 2,4x100 Meter Relay,2,None None,St. Jago High,40.72
2013,Boys,Class 2,4x100 Meter Relay,3,None None,Calabar High School,41.12
2013,Boys,Class 2,4x100 Meter Relay,4,None None,Munro College,41.84
2013,Boys,Class 2,4x100 Meter Relay,5,None None,Wolmer's,41.94
2013,Boys,Class 2,4x100 Meter Relay,6,None None,St. George's College,42.85
2013,Boys,Class 1,4x100 Meter Relay,1,None None,Kingston College,39.85
2013,Boys,Class 1,4x100 Meter Relay,2,None None,Munro College,39.92
2013,Boys,Class 1,4x100 Meter Relay,3,None None,Green Island High,40.09
2013,Boys,Class 1,4x100 Meter Relay,4,None None,Jamaica College,40.80
2013,Boys,Class 1,4x100 Meter Relay,5,None None,Calabar High School,40.92
2013,Boys,Class 1,4x100 Meter Relay,6,None None,Manchester High,41.67
2013,Boys,Class 1,4x100 Meter Relay,7,None None,Holmwood Technical High,41.78
2013,Boys,Class 1,4x100 Meter Relay,8,None None,St. Jago High,41.97
2013,Boys,Open,4x400 Meter Relay,1,None None,Munro College,3:09.21
2013,Boys,Open,4x400 Meter Relay,2,None None,Calabar High School,3:12.13
2013,Boys,Open,4x400 Meter Relay,3,None None,Kingston College,3:12.59
2013,Boys,Open,4x400 Meter Relay,4,None None,Jamaica College,3:13.62
2013,Boys,Open,4x400 Meter Relay,5,None None,Wolmer's,3:14.57
2013,Boys,Open,4x400 Meter Relay,6,None None,Manchester High,3:14.67
2013,Boys,Open,4x400 Meter Relay,7,None None,Garvey Maceo High,3:15.63
2013,Boys,Open,4x400 Meter Relay,8,None None,St. Elizabeth Technical High,3:16.95
2013,Boys,Open,1600 Sprint Medley,1,None None,Vere Technical High,3:30.48
2013,Boys,Open,1600 Sprint Medley,2,None None,Kingston College,3:31.36
2013,Boys,Open,1600 Sprint Medley,3,None None,St. Jago High,3:32.03
2013,Boys,Open,1600 Sprint Medley,4,None None,Calabar High School,3:32.51
2013,Boys,Open,1600 Sprint Medley,5,None None,Holmwood Technical High,3:32.60
2013,Boys,Open,1600 Sprint Medley,6,None None,Jamaica College,3:33.20
2013,Boys,Open,1600 Sprint Medley,7,None None,Wolmer's,3:34.44
2013,Boys,Open,1600 Sprint Medley,8,None None,Munro College,3:35.66
2013,Boys,Class 3,High Jump,1,Lushane Wilson,St. Jago High,1.93m
2013,Boys,Class 3,High Jump,2,Sadiki Morgan,Wolmer's,1.91m
2013,Boys,Class 3,High Jump,3,Jon-Michael Davis,Wolmer's,1.84m
2013,Boys,Class 3,High Jump,4,Ryan Brown,Old Harbour High,J1.84m
2013,Boys,Class 3,High Jump,5,Kamali Simpson,St. Jago High,1.75m
2013,Boys,Class 3,High Jump,6,Johni James,Jamaica College,1.70m
2013,Boys,Class 3,High Jump,7,Tadjee Thompson,Kingston College,J1.70m
2013,Boys,Class 3,High Jump,8,Timothy Stevens,Herbert Morrison,J1.70m
2013,Boys,Class 3,High Jump,9,Malik Cunningham,Jamaica College,J1.70m
2013,Boys,Class 3,High Jump,10,De-Aundre Gayle,Herbert Morrison,1.65m
2013,Boys,Class 3,High Jump,11,Kobe Jordan Rhooms,Cornwall College,J1.65m
2013,Boys,Class 3,High Jump,11,Jona Hanson,Munro College,J1.65m
2013,Boys,Class 3,High Jump,13,Jevaughn Taylor,Calabar High School,J1.65m
2013,Boys,Class 2,High Jump,1,Akeem Powell,Jamaica College,2.00m
2013,Boys,Class 2,High Jump,2,Clayton Brown,Jamaica College,1.95m
2013,Boys,Class 2,High Jump,2,Edvaldo Hire,St. Mary High,1.95m
2013,Boys,Class 2,High Jump,4,Leroy Paige,Calabar High School,1.90m
2013,Boys,Class 2,High Jump,5,Trevaughn Brown,Kingston College,J1.90m
2013,Boys,Class 2,High Jump,6,Luke Walters,Kingston College,J1.90m
2013,Boys,Class 2,High Jump,7,Lamar Evans,Buff Bay High,J1.90m
2013,Boys,Class 2,High Jump,8,Romario Douglas,St. Jago High,1.85m
2013,Boys,Class 2,High Jump,9,Rashaun Dawkins,St. Jago High,J1.85m
2013,Boys,Class 2,High Jump,10,Romaine Moore,Oberlin High,1.80m
2013,Boys,Class 2,High Jump,10,Javier Lowe,Calabar High School,1.80m
2013,Boys,Class 2,High Jump,10,Sean Pollack,Knox College,1.80m
2013,Boys,Class 2,High Jump,10,Marcus Brown,Morant Bay High,1.80m
2013,Boys,Class 2,High Jump,14,Odaine Lewis,Cornwall College,J1.80m
2013,Boys,Class 2,High Jump,15,Shenley Allen,Munro College,J1.80m
2013,Boys,Class 2,High Jump,16,Shemar Shaw,Excelsior High,J1.80m
2013,Boys,Class 2,High Jump,17,Kwesi Brown,St. Andrew Technical High,J1.80m
2013,Boys,Class 2,High Jump,18,Roderick Boulin,Munro College,1.75m
2013,Boys,Class 2,High Jump,19,Javel Lewis,McGrath High,J1.75m
2013,Boys,Class 1,High Jump,1,Christoffe Bryan,Wolmer's,2.19m
2013,Boys,Class 1,High Jump,2,Jovan Swaby,Calabar High School,2.08m
2013,Boys,Class 1,High Jump,3,Ashani Wright,Jamaica College,J2.08m
2013,Boys,Class 1,High Jump,4,Kemar Johnson,St. George's College,2.05m
2013,Boys,Class 1,High Jump,5,Carlington Moulton,St. George's College,1.95m
2013,Boys,Class 1,High Jump,6,Denroc Dixon,Donald Quarrie High,J1.95m
2013,Boys,Class 1,High Jump,7,Matthew Campbell,Ardenne High,1.90m
2013,Boys,Class 1,High Jump,7,Marvin Pinnock,Kingston College,1.90m
2013,Boys,Class 1,High Jump,9,Basil Thompson,Herbert Morrison,J1.90m
2013,Boys,Class 1,High Jump,10,Odel Murphy,St. Jago High,J1.90m
2013,Boys,Class 1,High Jump,11,Triwayne Blake,Herbert Morrison,J1.90m
2013,Boys,Open,Pole Vault,1,Oshane Shaw,Wolmer's,3.80m
2013,Boys,Open,Pole Vault,2,Xavier Boland,Kingston College,J3.60m
2013,Boys,Open,Pole Vault,3,Basil Bingham,Calabar High School,3.60m
2013,Boys,Open,Pole Vault,4,John-Audley Jackson,Kingston College,J3.60m
2013,Boys,Open,Pole Vault,5,Akeem Kerr,Jamaica College,J3.70m
2013,Boys,Open,Pole Vault,5,Roger Adams,Jamaica College,J3.50m
2013,Boys,Open,Pole Vault,7,Tian Cain,Calabar High School,3.30m
2013,Boys,Open,Pole Vault,8,Nickoy Morrison,Excelsior High,3.00m
2013,Boys,Class 3,Long Jump,1,Alex Robinson,Calabar High School,6.48m
2013,Boys,Class 3,Long Jump,2,Dameon Creary,Wolmer's,6.40m
2013,Boys,Class 3,Long Jump,3,Johni James,Jamaica College,6.09m
2013,Boys,Class 3,Long Jump,4,Chevoy Campbell,St. Andrew Technical High,5.93m
2013,Boys,Class 3,Long Jump,5,Paketo Dudley,Jamaica College,5.85m
2013,Boys,Class 3,Long Jump,6,Thorne Buchanan,Excelsior High,5.80m
2013,Boys,Class 3,Long Jump,7,Ryan Brown,Old Harbour High,5.61m
2013,Boys,Class 3,Long Jump,8,Xavier Ricketts,Munro College,J5.61m
2013,Boys,Class 3,Long Jump,9,Sadiki Morgan,Wolmer's,5.52m
2013,Boys,Class 2,Long Jump,1,Ajani James,Jamaica College,7.10m
2013,Boys,Class 2,Long Jump,2,O'brien Waysome,Jamaica College,7.09m
2013,Boys,Class 2,Long Jump,3,Javaughn Fowler,Calabar High School,7.07m
2013,Boys,Class 2,Long Jump,4,Shammawi Welington,Kingston College,7.05m
2013,Boys,Class 2,Long Jump,5,Lorne Barrett,Campion College,6.88m
2013,Boys,Class 2,Long Jump,6,Alrick Ottey,Cornwall College,6.87m
2013,Boys,Class 2,Long Jump,7,Roje Jackson-Chin,St. Jago High,6.86m
2013,Boys,Class 2,Long Jump,8,Odaine Lewis,Cornwall College,6.75m
2013,Boys,Class 2,Long Jump,9,Errol Ennis,Wolmer's,6.39m
2013,Boys,Class 2,Long Jump,10,Lando Graham,William Knibb Memorial High,6.35m
2013,Boys,Class 2,Long Jump,11,Leroy Paige,Calabar High School,6.26m
2013,Boys,Class 1,Long Jump,1,Clive Pullen,Kingston College,7.57m
2013,Boys,Class 1,Long Jump,2,Sadike Eddie,Calabar High School,7.32m
2013,Boys,Class 1,Long Jump,3,Jullane Walker,Calabar High School,J7.32m
2013,Boys,Class 1,Long Jump,4,Gavin Gibson,Jamaica College,7.22m
2013,Boys,Class 1,Long Jump,5,Keneil Grant,Kingston College,J7.22m
2013,Boys,Class 1,Long Jump,6,Javauny Hyde,Wolmer's,7.08m
2013,Boys,Class 1,Long Jump,7,Nicholas Phynn,Jamaica College,7.07m
2013,Boys,Class 1,Long Jump,8,Aubrey Allen,Hydel Group of Schools,7.01m
2013,Boys,Class 1,Long Jump,9,Carlington Moulton,St. George's College,6.96m
2013,Boys,Class 1,Long Jump,10,Laurel Gordon,William Knibb Memorial High,6.80m
2013,Boys,Class 1,Long Jump,11,Jauvoy Jones,Holmwood Technical High,6.74m
2013,Boys,Class 1,Long Jump,12,Dwayne Chambers,Haile Selassie High,6.60m
2013,Boys,Class 2,Triple Jump,1,O'brien Waysome,Jamaica College,14.72m
2013,Boys,Class 2,Triple Jump,2,Clayton Brown,Jamaica College,14.65m
2013,Boys,Class 2,Triple Jump,3,Javier Lowe,Calabar High School,14.46m
2013,Boys,Class 2,Triple Jump,4,Jordan Scott,Campion College,14.32m
2013,Boys,Class 2,Triple Jump,5,Rogel Osullivan,Calabar High School,13.80m
2013,Boys,Class 2,Triple Jump,6,Odaine Lewis,Cornwall College,13.55m
2013,Boys,Class 2,Triple Jump,7,Kevon Nichols,St. Elizabeth Technical High,13.30m
2013,Boys,Class 2,Triple Jump,8,Vincent Newell,Morant Bay High,13.06m
2013,Boys,Class 2,Triple Jump,9,Alrick Ottey,Cornwall College,13.00m
2013,Boys,Class 2,Triple Jump,10,Sean Wright,Kingston College,12.89m
2013,Boys,Class 1,Triple Jump,1,Clive Pullen,Kingston College,15.83m
2013,Boys,Class 1,Triple Jump,2,Nicholas Phynn,Jamaica College,14.97m
2013,Boys,Class 1,Triple Jump,3,Aubrey Allen,Hydel Group of Schools,14.92m
2013,Boys,Class 1,Triple Jump,4,Michane Ricketts,Edwin Allen High,14.83m
2013,Boys,Class 1,Triple Jump,5,Alex Rookwood,Hydel Group of Schools,14.78m
2013,Boys,Class 1,Triple Jump,6,Rajay Mills,Excelsior High,14.74m
2013,Boys,Class 1,Triple Jump,7,Javauny Hyde,Wolmer's,14.58m
2013,Boys,Class 1,Triple Jump,8,Javon Battick,St. Jago High,14.55m
2013,Boys,Class 1,Triple Jump,9,Anthony Bailey,Munro College,14.36m
2013,Boys,Class 1,Triple Jump,10,Owen Smith,Calabar High School,14.28m
2013,Boys,Class 1,Triple Jump,11,Travis Riley,Calabar High School,13.99m
2013,Boys,Class 1,Triple Jump,12,Dabarie Spence,Excelsior High,13.69m
2013,Boys,Class 2,Shot Put,1,Vashon McCarthy,Ascot High,16.25m
2013,Boys,Class 2,Shot Put,2,Karl-Leon Grant,Jamaica College,16.20m
2013,Boys,Class 2,Shot Put,3,Jamie-Hugh Brown,Kingston College,16.15m
2013,Boys,Class 2,Shot Put,4,Warren Barrett,Cornwall College,15.68m
2013,Boys,Class 2,Shot Put,5,Sanjae Lawrence,Petersfield High,15.46m
2013,Boys,Class 2,Shot Put,6,Jamaine Bennett,Kingston College,15.24m
2013,Boys,Class 2,Shot Put,7,Keiran Lewis,Old Harbour High,14.87m
2013,Boys,Class 2,Shot Put,8,Kino Dunkley,Munro College,14.79m
2013,Boys,Class 2,Shot Put,9,Caesar Kemp,Calabar High School,14.46m
2013,Boys,Class 2,Shot Put,10,Dennis Hernandez,Calabar High School,14.22m
2013,Boys,Class 2,Shot Put,11,Daniel Walker,St. George's College,14.19m
2013,Boys,Class 2,Shot Put,12,Kyle Mitchell,Wolmer's,14.14m
2013,Boys,Class 2,Shot Put,13,Errol Campbell,Cornwall College,13.99m
2013,Boys,Class 2,Shot Put,14,Travan Beckford,St. Jago High,13.92m
2013,Boys,Class 2,Shot Put,15,Brandon Nelson,St. George's College,13.45m
2013,Boys,Class 2,Shot Put,16,Kevin Nedrick,Petersfield High,13.36m
2013,Boys,Class 2,Shot Put,17,Eric Campbell,Oberlin High,13.04m
2013,Boys,Class 2,Shot Put,18,Robier Robinson,Green Island High,12.71m
2013,Boys,Class 2,Shot Put,19,Andre Hendricks,Munro College,12.57m
2013,Boys,Class 2,Shot Put,20,Mario Gregory,St. Jago High,12.25m
2013,Boys,Class 1,Shot Put,1,Fedrick Dacres,Calabar High School,19.29m
2013,Boys,Class 1,Shot Put,2,Chadrick Dacosta,Kingston College,18.62m
2013,Boys,Class 1,Shot Put,3,Rushane Byfield,Jamaica College,16.90m
2013,Boys,Class 1,Shot Put,4,Christopher Brown,Calabar High School,16.65m
2013,Boys,Class 1,Shot Put,5,Alec-Verne Longmore,Jamaica College,16.53m
2013,Boys,Class 1,Shot Put,6,Demar Gayle,Edwin Allen High,15.77m
2013,Boys,Class 1,Shot Put,7,Fabeon Tucker,Edwin Allen High,15.50m
2013,Boys,Class 1,Shot Put,8,Stevon Crooks,Petersfield High,14.78m
2013,Boys,Class 1,Shot Put,9,Orega Welch,Lennon High,14.56m
2013,Boys,Class 1,Shot Put,10,Derrick Pitt,St. Jago High,13.94m
2013,Boys,Class 1,Shot Put,11,Jevaughn Shaw,Munro College,13.52m
2013,Boys,Class 1,Shot Put,12,Camal Dyer,Hydel Group of Schools,13.28m
2013,Boys,Class 1,Shot Put,13,Kashif Ford,Wolmer's,13.27m
2013,Boys,Class 1,Shot Put,14,Jordan Forbes,Kingston College,12.97m
2013,Boys,Class 2,Discus Throw,1,Kino Dunkley,Munro College,52.09m
2013,Boys,Class 2,Discus Throw,2,Sanjae Lawrence,Petersfield High,46.15m
2013,Boys,Class 2,Discus Throw,3,Ronald Hastings,Calabar High School,45.24m
2013,Boys,Class 2,Discus Throw,4,Vashon McCarthy,Ascot High,44.77m
2013,Boys,Class 2,Discus Throw,5,Eric Campbell,Oberlin High,44.34m
2013,Boys,Class 2,Discus Throw,6,Jamaine Bennett,Kingston College,44.09m
2013,Boys,Class 2,Discus Throw,7,Caesar Kemp,Calabar High School,43.69m
2013,Boys,Class 2,Discus Throw,8,Karl-Leon Grant,Jamaica College,43.30m
2013,Boys,Class 2,Discus Throw,9,Carlos James,Jamaica College,42.16m
2013,Boys,Class 2,Discus Throw,10,Derrick Spencer,Hydel Group of Schools,40.55m
2013,Boys,Class 2,Discus Throw,11,Clarence Bonnick,Kingston College,39.05m
2013,Boys,Class 2,Discus Throw,12,Andre Garvey,Excelsior High,37.94m
2013,Boys,Class 1,Discus Throw,1,Fedrick Dacres,Calabar High School,62.80m
2013,Boys,Class 1,Discus Throw,2,Jevaughn Shaw,Munro College,55.56m
2013,Boys,Class 1,Discus Throw,3,Basil Bingham,Calabar High School,52.91m
2013,Boys,Class 1,Discus Throw,4,Glendford Watson,Petersfield High,51.90m
2013,Boys,Class 1,Discus Throw,5,Fabeon Tucker,Edwin Allen High,51.00m
2013,Boys,Class 1,Discus Throw,6,Chadrick Dacosta,Kingston College,50.78m
2013,Boys,Class 1,Discus Throw,7,Demar Gayle,Edwin Allen High,49.02m
2013,Boys,Class 1,Discus Throw,8,Kashif Ford,Wolmer's,46.97m
2013,Boys,Class 1,Discus Throw,9,Alec-Verne Longmore,Jamaica College,45.68m
2013,Boys,Class 1,Discus Throw,10,Zaavan Richards,Kingston College,45.59m
2013,Boys,Class 1,Discus Throw,11,Stevon Crooks,Petersfield High,42.82m
2013,Boys,Class 1,Discus Throw,12,John-Mark Reid,Wolmer's,40.36m
2013,Boys,Class 1,Discus Throw,13,Orlando Stephenson,Bog Walk High,37.44m
2013,Boys,Class 1,Discus Throw,14,Calvin Thompson,Manning's High,36.60m
2013,Boys,Open,Javelin Throw,1,Zaavan Richards,Kingston College,59.66m
2013,Boys,Open,Javelin Throw,2,Orlando Thomas,Bridgeport High,59.59m
2013,Boys,Open,Javelin Throw,3,Linkoy Tucker,Jamaica College,57.80m
2013,Boys,Open,Javelin Throw,4,Devon Spencer,St. Elizabeth Technical High,J57.80m
2013,Boys,Open,Javelin Throw,5,James Gordon,Calabar High School,55.65m
2013,Boys,Open,Javelin Throw,6,Thavi Spencer,Vere Technical High,52.21m
2013,Boys,Open,Javelin Throw,7,Fabeon Tucker,Edwin Allen High,52.15m
2013,Boys,Open,Javelin Throw,8,Adrian Mitchell,Calabar High School,50.82m
2013,Boys,Open,Javelin Throw,9,Randy Gordon,St. Jago High,49.34m
2013,Boys,Open,Javelin Throw,10,Orlando Stephenson,Bog Walk High,47.00m
2013,Boys,Open,Javelin Throw,11,Odean Clarke,Jamaica College,46.91m
2013,Boys,Open,Javelin Throw,12,Romario Thomas,Dinthill Technical High,43.45m
2013,Boys,Open,Javelin Throw,13,Timoy Barrett,William Knibb Memorial High,40.68m
2013,Boys,Open,Javelin Throw,14,Ramone Clarke,Mona High,40.41m
2013,Boys,Open,Javelin Throw,15,Romario Beckford,Manning's High,38.47m
2013,Boys,Open,Decathlon,1,Adrian Riley,Calabar High School,6733
2013,Boys,Open,Decathlon,2,Maurice Harrison,Excelsior High,6352
2013,Boys,Open,Decathlon,3,Andre McFarlane,Jamaica College,6247
2013,Boys,Open,Decathlon,4,Darron Hunter,Kingston College,6105
2013,Boys,Open,Decathlon,5,Richard Kenton,Buff Bay High,5
2013,Boys,Open,Decathlon,6,Orelle Bulgin,Cornwall College,5359
2013,Boys,Open,Decathlon,7,Asani Hylton,Godfrey Stewart High,3
2013,Boys,Open,Decathlon,8,Akeem Aris,Wolmer's,2
2013,Boys,Open,Decathlon,9,Jamie Edwards,Bog Walk High,4711
2013,Boys,Open,Decathlon,10,Dwayne Williams,Glengoffe High,
2013,Boys,Open,Decathlon,11,Touriq Pecco,Oberlin High,
2013,Boys,Open,Decathlon,12,Carey Crooks,Glenmuir High,
2013,Boys,Open,Decathlon,13,Gavin Long,Mona High,
